{"cameraMode":{"drawMode":0,"name":"Shaded","section":"Shading Mode"},"sceneLighting":false,"audioPlay":false,"sceneViewState":{"showFog":false,"showMaterialUpdate":false,"showSkybox":false,"showFlares":false,"showImageEffects":false,"showParticleSystems":false},"in2DMode":false,"pivot":{"x":-3.5999999046325685,"y":-1.2499998807907105,"z":-3.6000001430511476},"rotation":{"x":-0.35809940099716189,"y":-0.019048063084483148,"z":0.007306645158678293,"w":-0.9334646463394165},"size":7.144710063934326,"orthographic":false}