{"cameraMode":{"drawMode":0,"name":"Shaded","section":"Shading Mode"},"sceneLighting":false,"audioPlay":false,"sceneViewState":{"showFog":false,"showMaterialUpdate":false,"showSkybox":false,"showFlares":false,"showImageEffects":false,"showParticleSystems":false},"in2DMode":false,"pivot":{"x":24.5,"y":-0.4000000059604645,"z":16.299997329711915},"rotation":{"x":0.10937904566526413,"y":0.7091267704963684,"z":-0.11284534633159638,"w":0.6873440146446228},"size":233.3452606201172,"orthographic":false}