{"cameraMode":{"drawMode":0,"name":"Shaded","section":"Shading Mode"},"sceneLighting":true,"audioPlay":false,"sceneViewState":{"showFog":false,"showMaterialUpdate":false,"showSkybox":false,"showFlares":false,"showImageEffects":false,"showParticleSystems":false},"in2DMode":false,"pivot":{"x":154.81350708007813,"y":486.24578857421877,"z":-8.3310546875},"rotation":{"x":0.1297215074300766,"y":-0.18039511144161225,"z":0.0240072812885046,"w":0.9747101664543152},"size":464.9371337890625,"orthographic":false}